kernel_name,kernel_provider,kernel_operation_mode,metric_name,metric_unit,x_name,x_label,x_value,y_value_50,y_value_20,y_value_80,extra_benchmark_config_str,gpu_name,timestamp,liger_version
rms_norm,liger,forward,speed,ms,H,hidden size,1024,0.01360000018030405,0.012864000163972378,0.01603199914097786,"{""M"": 2048, ""dtype"": ""torch.bfloat16"", ""eps"": 1e-06}",NVIDIA A100-SXM4-80GB,2024-09-03 15:39:30,0.2.1
rms_norm,liger,forward,speed,ms,H,hidden size,2048,0.019999999552965164,0.018624000251293182,0.02160000056028366,"{""M"": 2048, ""dtype"": ""torch.bfloat16"", ""eps"": 1e-06}",NVIDIA A100-SXM4-80GB,2024-09-03 15:39:30,0.2.1
rms_norm,huggingface,forward,speed,ms,H,hidden size,1024,0.07820799946784973,0.0777600035071373,0.0790719985961914,"{""M"": 2048, ""dtype"": ""torch.bfloat16"", ""eps"": 1e-06}",NVIDIA A100-SXM4-80GB,2024-09-03 15:39:33,0.2.1
fused_add_rms_norm,liger_fused_add_rms_norm,full,speed,ms,H,hidden size,1024,0.23880000412464142,0.21297280192375184,0.34529919624328614,"{""M"": 2048, ""dtype"": ""torch.float32"", ""eps"": 1e-06}",NVIDIA H100 80GB HBM3,2026-04-07 21:27:29,0.7.0
fused_add_rms_norm,liger_fused_add_rms_norm,full,speed,ms,H,hidden size,2048,0.27699199318885803,0.27142399549484253,0.29239040017127993,"{""M"": 2048, ""dtype"": ""torch.float32"", ""eps"": 1e-06}",NVIDIA H100 80GB HBM3,2026-04-07 21:27:29,0.7.0
rope,liger,forward,speed,ms,H,hidden size,512,0.011359999887645245,0.01033599954098463,0.011455999687314034,"{""dtype"": ""torch.bfloat16"", ""seq_len"": 2048, ""num_q_heads"": 32, ""num_kv_heads"": 8}",NVIDIA A100-SXM4-80GB,2024-09-03 15:39:55,0.2.1
fused_moe,liger,full,speed,ms,T,num_tokens,128,3.86625599861145,3.8625791549682615,3.869932842254639,"{""sweep_dim"": ""T"", ""T"": null, ""E"": 128, ""H"": 2048, ""intermediate_dim"": 768, ""K"": 8, ""dtype"": ""torch.bfloat16""}",NVIDIA H100 80GB HBM3,2026-04-02 23:57:32,0.7.0
rms_norm,liger,full,memory,MB,H,hidden size,1024,36.02392578125,36.02392578125,36.02392578125,"{""M"": 2048, ""dtype"": ""torch.bfloat16"", ""eps"": 1e-06}",NVIDIA A100-SXM4-80GB,2024-09-03 15:39:46,0.2.1
embedding,torch_compile,forward,speed,ms,V,embedding dimension,1024,0.039712000638246536,0.03798399865627289,0.04079360142350197,"{""B"": 32, ""T"": 512, ""D"": 768, ""dtype"": ""torch.float32""}",NVIDIA A100-SXM4-80GB,2024-09-03 15:32:01,0.2.1
